game_link,game_score,team_1_score,team_2_score,team_1_name,team_2_name,game_id
https://official.nba.com/l2m/L2MReport.html?gameId=0022300846,"Bulls 132, Cavaliers 123 (2OT)",132,123,Bulls,Cavaliers,0022300846
https://official.nba.com/l2m/L2MReport.html?gameId=0022300848,"Lakers 116, Clippers 112",116,112,Lakers,Clippers,0022300848
https://official.nba.com/l2m/L2MReport.html?gameId=0022300832,"Cavaliers 121, Mavericks 119",121,119,Cavaliers,Mavericks,0022300832
https://official.nba.com/l2m/L2MReport.html?gameId=0022300828,"Knicks 113, Pistons 111",113,111,Knicks,Pistons,0022300828
https://official.nba.com/l2m/L2MReport.html?gameId=0022300823,"Bulls 114, Pelicans 106",114,106,Bulls,Pelicans,0022300823
https://official.nba.com/l2m/L2MReport.html?gameId=0022300814," Magic 112, Pistons 109",112,109,Magic,Pistons,0022300814
https://official.nba.com/l2m/L2MReport.html?gameId=0022300804,"Raptors 123, Hawks 121",123,121,Raptors,Hawks,0022300804
https://official.nba.com/l2m/L2MReport.html?gameId=0022300805,"76ers 104, Cavaliers 97",104,97,76ers,Cavaliers,0022300805
https://official.nba.com/l2m/L2MReport.html?gameId=0022300806,"Rockets 114, Suns 110",114,110,Rockets,Suns,0022300806
https://official.nba.com/l2m/L2MReport.html?gameId=0022300807,"Clippers 101, Grizzlies 95",101,95,Clippers,Grizzlies,0022300807
https://official.nba.com/l2m/L2MReport.html?gameId=0022300808,"Bucks 112, Timberwolves 107",112,107,Bucks,Timberwolves,0022300808
https://official.nba.com/l2m/L2MReport.html?gameId=0022300803,"Kings 127, Spurs 122",127,122,Kings,Spurs,0022300803
https://official.nba.com/l2m/L2MReport.html?gameId=0022300576,"Warriors 140, Jazz 137",140,137,Warriors,Jazz,0022300576
https://official.nba.com/l2m/L2MReport.html?gameId=0022300790,"Grizzlies 113, Bucks 110",113,110,Grizzlies,Bucks,0022300790
https://official.nba.com/l2m/L2MReport.html?gameId=0022300779,"Heat 109, 76ers 104",109,104,Heat,76ers,0022300779
https://official.nba.com/l2m/L2MReport.html?gameId=0022300781,"Cavaliers 108, Bulls 105",108,105,Cavaliers,Bulls,0022300781
https://official.nba.com/l2m/L2MReport.html?gameId=0022300782,"Pacers 127, Raptors 125",127,125,Pacers,Raptors,0022300782
https://official.nba.com/l2m/L2MReport.html?gameId=0022300784,"Pelicans 133, Wizards 126",133,126,Pelicans,Wizards,0022300784
https://official.nba.com/l2m/L2MReport.html?gameId=0022300786,"Kings 102, Nuggets 98",102,98,Kings,Nuggets,0022300786
https://official.nba.com/l2m/L2MReport.html?gameId=0022300789,"Clippers 130, Warriors 125",130,125,Clippers,Warriors,0022300789
https://official.nba.com/l2m/L2MReport.html?gameId=0022300774,"Suns 130, Kings 125",130,125,Suns,Kings,0022300774
https://official.nba.com/l2m/L2MReport.html?gameId=0022300762,"76ers 123, Cavaliers 121",123,121,76ers,Cavaliers,0022300762
https://official.nba.com/l2m/L2MReport.html?gameId=0022300765,"Rockets 105, Knicks 103",105,103,Rockets,Knicks,0022300765
https://official.nba.com/l2m/L2MReport.html?gameId=0022300759,"Celtics 110, Heat 106",110,106,Celtics,Heat,0022300759
https://official.nba.com/l2m/L2MReport.html?gameId=0022300752,"Magic 114, Bulls 108 (OT)",114,108,Magic,Bulls,0022300752
https://official.nba.com/l2m/L2MReport.html?gameId=0022300757,"Warriors 113, Suns 112",113,112,Warriors,Suns,0022300757
https://official.nba.com/l2m/L2MReport.html?gameId=0022300744,"Raptors 107, Rockets 104",107,104,Raptors,Rockets,0022300744
https://official.nba.com/l2m/L2MReport.html?gameId=0022300740,"Nuggets 114, Lakers 106",114,106,Nuggets,Lakers,0022300740
https://official.nba.com/l2m/L2MReport.html?gameId=0022300741,"Pistons 128, Trailblazers 122 (OT)",128,122,Pistons,Trailblazers,0022300741
https://official.nba.com/l2m/L2MReport.html?gameId=0022300726,"Raptors 123, Hornets 117",123,117,Raptors,Hornets,0022300726
https://official.nba.com/l2m/L2MReport.html?gameId=0022300719,"Pacers 132, Rockets 129",132,129,Pacers,Rockets,0022300719
https://official.nba.com/l2m/L2MReport.html?gameId=0022300723,"Bulls 129, Timberwolves 123 (OT)",129,123,Bulls,Timberwolves,0022300723
https://official.nba.com/l2m/L2MReport.html?gameId=0022300716,"Clippers 149, Hawks 144",149,144,Clippers,Hawks,0022300716
https://official.nba.com/l2m/L2MReport.html?gameId=0022300710,"Thunder 135, Raptors 127 (2OT)",135,127,Thunder,Raptors,0022300710
https://official.nba.com/l2m/L2MReport.html?gameId=0022300699,"Hawks 141, Warriors 134 (OT)",141,134,Hawks,Warriors,0022300699
https://official.nba.com/l2m/L2MReport.html?gameId=0022300700,"Kings 123, Bulls 115",123,115,Kings,Bulls,0022300700
https://official.nba.com/l2m/L2MReport.html?gameId=0022300694,"Magic 108, Timberwolves 106",108,106,Magic,Timberwolves,0022300694
https://official.nba.com/l2m/L2MReport.html?gameId=0022300696,"Pelicans 114, Spurs 113",114,113,Pelicans,Spurs,0022300696
https://official.nba.com/l2m/L2MReport.html?gameId=0022300685,"Knicks 109, Pacers 105",109,105,Knicks,Pacers,0022300685
https://official.nba.com/l2m/L2MReport.html?gameId=0022300686,"76ers 127, Jazz 124",127,124,76ers,Jazz,0022300686
https://official.nba.com/l2m/L2MReport.html?gameId=0022300687,"Cavaliers 108, Grizzlies 101",108,101,Cavaliers,Grizzlies,0022300687
https://official.nba.com/l2m/L2MReport.html?gameId=0022300675,"Cavaliers 128, Pistons 121",128,121,Cavaliers,Pistons,0022300675
https://official.nba.com/l2m/L2MReport.html?gameId=0022300682,"Thunder 105, Nuggets 100",105,100,Thunder,Nuggets,0022300682
https://official.nba.com/l2m/L2MReport.html?gameId=0022300683,"Trailblazers 119, Bucks 116",119,116,Trailblazers,Bucks,0022300683
https://official.nba.com/l2m/L2MReport.html?gameId=0022300670,"Celtics 129, Pacers 124",129,124,Celtics,Pacers,0022300670
https://official.nba.com/l2m/L2MReport.html?gameId=0022300664,"Timberwolves 107, Thunder 101",107,101,Timberwolves,Thunder,0022300664
https://official.nba.com/l2m/L2MReport.html?gameId=0022300665,"Wizards 118, Spurs 113",118,113,Wizards,Spurs,0022300665
https://official.nba.com/l2m/L2MReport.html?gameId=0022300666,"Mavericks 131, Magic 129",131,129,Mavericks,Magic,0022300666
https://official.nba.com/l2m/L2MReport.html?gameId=0022300667,"Nuggets 113, Bucks 107",113,107,Nuggets,Bucks,0022300667
https://official.nba.com/l2m/L2MReport.html?gameId=0022300656,"Bulls 104, Trailblazers 96",104,96,Bulls,Trailblazers,0022300656
https://official.nba.com/l2m/L2MReport.html?gameId=0022300652,"Pacers 116, Grizzlies 110",116,110,Pacers,Grizzlies,0022300652
https://official.nba.com/l2m/L2MReport.html?gameId=0022300653,"Hawks 126, Raptors 125",126,125,Hawks,Raptors,0022300653
https://official.nba.com/l2m/L2MReport.html?gameId=0022300644,"Nuggets 111, 76ers 105",111,105,Nuggets,76ers,0022300644
https://official.nba.com/l2m/L2MReport.html?gameId=0022300645,"Nets 106, Rockets 104",106,104,Nets,Rockets,0022300645
https://official.nba.com/l2m/L2MReport.html?gameId=0022300649,"Spurs 113, Timberwolves 112",113,112,Spurs,Timberwolves,0022300649
https://official.nba.com/l2m/L2MReport.html?gameId=0022300650,"Lakers 145, Warriors 144 (2OT)",145,144,Lakers,Warriors,0022300650
https://official.nba.com/l2m/L2MReport.html?gameId=0022300651,"Kings 120, Mavericks 115",120,115,Kings,Mavericks,0022300651
https://official.nba.com/l2m/L2MReport.html?gameId=0022300634,"Mavericks 148, Hawks 143",148,143,Mavericks,Hawks,0022300634
https://official.nba.com/l2m/L2MReport.html?gameId=0022300636,"Pacers 133, Suns 131",133,131,Pacers,Suns,0022300636
https://official.nba.com/l2m/L2MReport.html?gameId=0022300638,"Grizzlies 107, Magic 106",107,106,Grizzlies,Magic,0022300638
https://official.nba.com/l2m/L2MReport.html?gameId=0022300629,"Timberwolves 96, Nets 94",96,94,Timberwolves,Nets,0022300629
https://official.nba.com/l2m/L2MReport.html?gameId=0022300632,"Kings 134, Warriors 133",134,133,Kings,Warriors,0022300632
https://official.nba.com/l2m/L2MReport.html?gameId=0022300619,"Pistons 113, Hornets 106",113,106,Pistons,Hornets,0022300619
https://official.nba.com/l2m/L2MReport.html?gameId=0022300621,"Grizzlies 105, Heat 96",105,96,Grizzlies,Heat,0022300621
https://official.nba.com/l2m/L2MReport.html?gameId=0022300623,"Trailblazers 137, Rockets 131",137,131,Trailblazers,Rockets,0022300623
https://official.nba.com/l2m/L2MReport.html?gameId=0022300614,"Nuggets 114, Pacers 109",114,109,Nuggets,Pacers,0022300614
https://official.nba.com/l2m/L2MReport.html?gameId=0022300615,"Knicks 108, Nets 103",108,103,Knicks,Nets,0022300615
https://official.nba.com/l2m/L2MReport.html?gameId=0022300617,"Thunder 111, Trailblazers 109",111,109,Thunder,Trailblazers,0022300617
https://official.nba.com/l2m/L2MReport.html?gameId=0022300610%0d,"Hornets 128, Timberwolves 125",128,125,Hornets,Timberwolves,0022300610
https://official.nba.com/l2m/L2MReport.html?gameId=0022300612,"Suns 115, Bulls 113",115,113,Suns,Bulls,0022300612
https://official.nba.com/l2m/L2MReport.html?gameId=0022300600,"Clippers 125, Nets 114",125,114,Clippers,Nets,0022300600
https://official.nba.com/l2m/L2MReport.html?gameId=0022300604,"Suns 117, Pacers 110",117,110,Suns,Pacers,0022300604
https://official.nba.com/l2m/L2MReport.html?gameId=0022300594,"Spurs 131, Wizards 127",131,127,Spurs,Wizards,0022300594
https://official.nba.com/l2m/L2MReport.html?gameId=0022300598,"Rockets 127, Jazz 126 (OT)",127,126,Rockets,Jazz,0022300598
https://official.nba.com/l2m/L2MReport.html?gameId=0022300599,"Thunder 102, Timberwolves 97",102,97,Thunder,Timberwolves,0022300599
https://official.nba.com/l2m/L2MReport.html?gameId=0022300584,"Hornets 124, Spurs 120",124,120,Hornets,Spurs,0022300584
https://official.nba.com/l2m/L2MReport.html?gameId=0022300586,"Nuggets 102, Celtics 100",102,100,Nuggets,Celtics,0022300586
https://official.nba.com/l2m/L2MReport.html?gameId=0022300587,"Hawks 109, Heat 108",109,108,Hawks,Heat,0022300587
https://official.nba.com/l2m/L2MReport.html?gameId=0022300590,"Trailblazers 118, Pacers 115",118,115,Trailblazers,Pacers,0022300590
https://official.nba.com/l2m/L2MReport.html?gameId=0022300579,"Knicks 113, Wizards 109",113,109,Knicks,Wizards,0022300579
https://official.nba.com/l2m/L2MReport.html?gameId=0022300580,"Bulls 116, Raptors 110",116,110,Bulls,Raptors,0022300580
https://official.nba.com/l2m/L2MReport.html?gameId=0022300583,"Pacers 126, Kings 121",126,121,Pacers,Kings,0022300583
https://official.nba.com/l2m/L2MReport.html?gameId=0022300570,"Hawks 106, Magic 104",106,104,Hawks,Magic,0022300570
https://official.nba.com/l2m/L2MReport.html?gameId=0022300578,"Trailblazers 105, Nets 103",105,103,Trailblazers,Nets,0022300578
https://official.nba.com/l2m/L2MReport.html?gameId=0022300567,"Suns 119, Kings 117",119,117,Suns,Kings,0022300567
https://official.nba.com/l2m/L2MReport.html?gameId=0022300556,"Mavericks 125, Pelicans 120",125,120,Mavericks,Pelicans,0022300556
https://official.nba.com/l2m/L2MReport.html?gameId=0022300557,"Magic 98, Knicks 94",98,94,Magic,Knicks,0022300557
https://official.nba.com/l2m/L2MReport.html?gameId=0022300562,"Heat 96, Nets 95 (OT)",96,95,Heat,Nets,0022300562
https://official.nba.com/l2m/L2MReport.html?gameId=0022300552,"Bucks 143, Kings 142 (OT)",143,142,Bucks,Kings,0022300552
https://official.nba.com/l2m/L2MReport.html?gameId=0022300553,"Timberwolves 109, Clippers 105",109,105,Timberwolves,Clippers,0022300553
https://official.nba.com/l2m/L2MReport.html?gameId=0022300548%0d,"Bulls 122, Spurs 116",122,116,Bulls,Spurs,0022300548
https://official.nba.com/l2m/L2MReport.html?gameId=0022300534,"Rockets 112, Pistons 110",112,110,Rockets,Pistons,0022300534
https://official.nba.com/l2m/L2MReport.html?gameId=0022300535,"Heat 99, Magic 96",99,96,Heat,Magic,0022300535
https://official.nba.com/l2m/L2MReport.html?gameId=0022300530,"Mavericks 128, Knicks 124",128,124,Mavericks,Knicks,0022300530
https://official.nba.com/l2m/L2MReport.html?gameId=0022300517,"Celtics 127, Timberwolves 120 (OT)",127,120,Celtics,Timberwolves,0022300517
https://official.nba.com/l2m/L2MReport.html?gameId=0022300521,"Hawks 139, 76ers 132 (OT)",139,132,Hawks,76ers,0022300521
https://official.nba.com/l2m/L2MReport.html?gameId=0022300523%0d,"Bulls 124, Rockets 119 (OT",124,119,Bulls,Rockets,0022300523
https://official.nba.com/l2m/L2MReport.html?gameId=0022300526,"Clippers 126, Raptors 120",126,120,Clippers,Raptors,0022300526
https://official.nba.com/l2m/L2MReport.html?gameId=0022300516,"Lakers 132, Raptors 131",132,131,Lakers,Raptors,0022300516
https://official.nba.com/l2m/L2MReport.html?gameId=0022300506,"Bulls 119, Hornets 112 (OT)",119,112,Bulls,Hornets,0022300506
https://official.nba.com/l2m/L2MReport.html?gameId=0022300507,"Pacers 133, Celtics 131",133,131,Pacers,Celtics,0022300507
https://official.nba.com/l2m/L2MReport.html?gameId=0022300497,"Cavaliers 117, Spurs 115",117,115,Cavaliers,Spurs,0022300497
https://official.nba.com/l2m/L2MReport.html?gameId=0022300498,"Trailblazers 134, Nets 127 (OT)",134,127,Trailblazers,Nets,0022300498
//official.nba.com/l2m/L2MReport.html?gameId=0022300499,"Magic 117, Hawks 110 (OT)",117,110,Magic,Hawks,0022300499
https://official.nba.com/l2m/L2MReport.html?gameId=0022300501,"Mavericks 115, Timberwolves 108",115,108,Mavericks,Timberwolves,0022300501
https://official.nba.com/l2m/L2MReport.html?gameId=0022300503,"Grizzles 121, Suns 115",121,115,Grizzles,Suns,0022300503
https://official.nba.com/l2m/L2MReport.html?gameId=0022300505,"Lakers 106, Clippers 103",106,103,Lakers,Clippers,0022300505
https://official.nba.com/l2m/L2MReport.html?gameId=0022300488,"Magic 122, Nuggets 120",122,120,Magic,Nuggets,0022300488
https://official.nba.com/l2m/L2MReport.html?gameId=0022300490,"Warriors 113, Pistons 109",113,109,Warriors,Pistons,0022300490
https://official.nba.com/l2m/L2MReport.html?gameId=0022300492,"Kings 135, Raptors 130",135,130,Kings,Raptors,0022300492
https://official.nba.com/l2m/L2MReport.html?gameId=0022300477,"Bucks 125, Spurs 121",125,121,Bucks,Spurs,0022300477
https://official.nba.com/l2m/L2MReport.html?gameId=0022300478,"Nuggets 130, Warriors 127",130,127,Nuggets,Warriors,0022300478
https://official.nba.com/l2m/L2MReport.html?gameId=0022300467,"Hawks 141, Thunder 138",141,138,Hawks,Thunder,0022300467
https://official.nba.com/l2m/L2MReport.html?gameId=0022300474,"Jazz 154, Pistons 148 (OT)",154,148,Jazz,Pistons,0022300474
https://official.nba.com/l2m/L2MReport.html?gameId=0022300476%0d,"Kings 138, Magic 135 (2OT)",138,135,Kings,Magic,0022300476
https://official.nba.com/l2m/L2MReport.html?gameId=0022300462,"Thunder 127, Celtics 123",127,123,Thunder,Celtics,0022300462
https://official.nba.com/l2m/L2MReport.html?gameId=0022300464,"Hornets 111, Kings 104",111,104,Hornets,Kings,0022300464
https://official.nba.com/l2m/L2MReport.html?gameId=0022300452,"Raptors 124, Cavaliers 121",124,121,Raptors,Cavaliers,0022300452
https://official.nba.com/l2m/L2MReport.html?gameId=0022300445," Hawks 130, Wizards 126",130,126,Hawks,Wizards,0022300445
https://official.nba.com/l2m/L2MReport.html?gameId=0022300440,"Pistons 129, Raptors 127",129,127,Pistons,Raptors,0022300440
https://official.nba.com/l2m/L2MReport.html?gameId=0022300443,"Timberwolves 108, Lakers 106",108,106,Timberwolves,Lakers,0022300443
https://official.nba.com/l2m/L2MReport.html?gameId=0022300432,"Celtics 120, Raptors 118",120,118,Celtics,Raptors,0022300432
https://official.nba.com/l2m/L2MReport.html?gameId=0022300434,"76ers 131, Rockets 127",131,127,76ers,Rockets,0022300434
https://official.nba.com/l2m/L2MReport.html?gameId=0022300421,"Celtics 128, Pistons 122",128,122,Celtics,Pistons,0022300421
https://official.nba.com/l2m/L2MReport.html?gameId=0022300424,"Pelicans 112, Jazz 105",112,105,Pelicans,Jazz,0022300424
https://official.nba.com/l2m/L2MReport.html?gameId=0022300420,"Cavaliers 113, Mavericks 110",113,110,Cavaliers,Mavericks,0022300420
https://official.nba.com/l2m/L2MReport.html?gameId=0022300406,"Nets 118, Pistons 112",118,112,Nets,Pistons,0022300406
https://official.nba.com/l2m/L2MReport.html?gameId=0022300408,"Bulls 118, Hawks 113",118,113,Bulls,Hawks,0022300408
https://official.nba.com/l2m/L2MReport.html?gameId=0022300409,"Pacers 123, Rockets 117",123,117,Pacers,Rockets,0022300409
https://official.nba.com/l2m/L2MReport.html?gameId=0022300410,"Grizzlies 116, Pelicans 115 (OT)",116,115,Grizzlies,Pelicans,0022300410
https://official.nba.com/l2m/L2MReport.html?gameId=0022300392,"Rockets 106, Pelicans 104",106,104,Rockets,Pelicans,0022300392
https://official.nba.com/l2m/L2MReport.html?gameId=0022300383,"Nuggets 122, Nets 117",122,117,Nuggets,Nets,0022300383
https://official.nba.com/l2m/L2MReport.html?gameId=0022300381,"Wizards 118, Trailblazers 117",118,117,Wizards,Trailblazers,0022300381
https://official.nba.com/l2m/L2MReport.html?gameId=0022300360,"Grizzlies 115, Pelicans 113",115,113,Grizzlies,Pelicans,0022300360
https://official.nba.com/l2m/L2MReport.html?gameId=0022300362,"Warriors 132, Celtics 126 (OT)",132,126,Warriors,Celtics,0022300362
https://official.nba.com/l2m/L2MReport.html?gameId=0022300363," Trailblazers 109, Suns 104",109,104,Trailblazers,Suns,0022300363
https://official.nba.com/l2m/L2MReport.html?gameId=0022300349%0d,"Cavaliers 135, Rockets 130",135,130,Cavaliers,Rockets,0022300349
https://official.nba.com/l2m/L2MReport.html?gameId=0022300351%0d,"Bulls 108, 76ers 104",108,104,Bulls,76ers,0022300351
https://official.nba.com/l2m/L2MReport.html?gameId=0022300353%0d,"Timberwolves 112, Heat 108",112,108,Timberwolves,Heat,0022300353
https://official.nba.com/l2m/L2MReport.html?gameId=0022300359%0d,"Knicks 114, Lakers 109",114,109,Knicks,Lakers,0022300359
https://official.nba.com/l2m/L2MReport.html?gameId=0022300347,"Suns 112, Wizards 108",112,108,Suns,Wizards,0022300347
https://official.nba.com/l2m/L2MReport.html?gameId=0022300348,"Warriors 118, Trailblazers 114",118,114,Warriors,Trailblazers,0022300348
https://official.nba.com/l2m/L2MReport.html?gameId=0022300337,"Heat 118, Bulls 116",118,116,Heat,Bulls,0022300337
https://official.nba.com/l2m/L2MReport.html?gameId=0022300339,"Warriors 124, Nets 120",124,120,Warriors,Nets,0022300339
https://official.nba.com/l2m/L2MReport.html?gameId=0022300340,"Thunder 118, Nuggets 117",118,117,Thunder,Nuggets,0022300340
https://official.nba.com/l2m/L2MReport.html?gameId=0022300326,"Pelicans 112, Hornets 107",112,107,Pelicans,Hornets,0022300326
https://official.nba.com/l2m/L2MReport.html?gameId=0022300332,"Rockets 103, Grizzlies 96",103,96,Rockets,Grizzlies,0022300332
https://official.nba.com/l2m/L2MReport.html?gameId=0022300324%0d,"Kings 128, Thunder 123",128,123,Kings,Thunder,0022300324
https://official.nba.com/l2m/L2MReport.html?gameId=0022300316%0d,"Lakers 122, Spurs 119",122,119,Lakers,Spurs,0022300316
https://official.nba.com/l2m/L2MReport.html?gameId=0022300317%0d,"Nets 116, Suns 112",116,112,Nets,Suns,0022300317
https://official.nba.com/l2m/L2MReport.html?gameId=0022300318%0d,"Jazz 117, Knicks 113",117,113,Jazz,Knicks,0022300318
https://official.nba.com/l2m/L2MReport.html?gameId=0022300306,"Mavericks 127, Lakers 125",127,125,Mavericks,Lakers,0022300306
https://official.nba.com/l2m/L2MReport.html?gameId=0022300308,"Suns 119, Warriors 116",119,116,Suns,Warriors,0022300308
https://official.nba.com/l2m/L2MReport.html?gameId=0022300292,"Heat 116, Hornets 114",116,114,Heat,Hornets,0022300292
https://official.nba.com/l2m/L2MReport.html?gameId=0022300300,"Bucks 133, Bulls 129 (OT)",133,129,Bucks,Bulls,0022300300
https://official.nba.com/l2m/L2MReport.html?gameId=0022300304,"Clippers 132, Trailblazers 127",132,127,Clippers,Trailblazers,0022300304
https://official.nba.com/l2m/L2MReport.html?gameId=0022301216,"Hornets 119, Raptors 116",119,116,Hornets,Raptors,0022301216
https://official.nba.com/l2m/L2MReport.html?gameId=0022301222,"Thunder 138, Warriors 136 (OT)",138,136,Thunder,Warriors,0022301222
https://official.nba.com/l2m/L2MReport.html?gameId=0022301229,"Pacers 128, Bucks 119",128,119,Pacers,Bucks,0022301229
https://official.nba.com/l2m/L2MReport.html?gameId=0022301208,"76ers 131, Wizards 126",131,126,76ers,Wizards,0022301208
https://official.nba.com/l2m/L2MReport.html?gameId=0022301209%0d,"Nets 114, Hawks 113",114,113,Nets,Hawks,0022301209
https://official.nba.com/l2m/L2MReport.html?gameId=0022301214,"Warriors 110, Trailblazers 106",110,106,Warriors,Trailblazers,0022301214
https://official.nba.com/l2m/L2MReport.html?gameId=0022301203,"Lakers 106, Suns 103",106,103,Lakers,Suns,0022301203
https://official.nba.com/l2m/L2MReport.html?gameId=0022301202,"Pacers 122, Celtics 112",122,112,Pacers,Celtics,0022301202
https://official.nba.com/l2m/L2MReport.html?gameId=0022300280,"Clippers 113, Warriors 112",113,112,Clippers,Warriors,0022300280
https://official.nba.com/l2m/L2MReport.html?gameId=0022300281,"Timberwolves 123, Hornets 117",123,117,Timberwolves,Hornets,0022300281
https://official.nba.com/l2m/L2MReport.html?gameId=0022300287,"Thunder 126, Mavericks 120",126,120,Thunder,Mavericks,0022300287
https://official.nba.com/l2m/L2MReport.html?gameId=0022300289,"Jazz 118, Trailblazers 113 (OT)Â ",118,113,Jazz,Trailblazers,0022300289
https://official.nba.com/l2m/L2MReport.html?gameId=0022300275,"Celtics 125, 76ers 119",125,119,Celtics,76ers,0022300275
https://official.nba.com/l2m/L2MReport.html?gameId=0022300279,"Nuggets 119, Suns 111",119,111,Nuggets,Suns,0022300279
https://official.nba.com/l2m/L2MReport.html?gameId=0022300266,"Hornets 129, Nets 128",129,128,Hornets,Nets,0022300266
https://official.nba.com/l2m/L2MReport.html?gameId=0022300269,"Bulls 120, Bucks 113 (OT)",120,113,Bulls,Bucks,0022300269
https://official.nba.com/l2m/L2MReport.html?gameId=0022300272,"Hawks 137, Spurs 135",137,135,Hawks,Spurs,0022300272
https://official.nba.com/l2m/L2MReport.html?gameId=0022300260,"Raptors 112, Suns 105",112,105,Raptors,Suns,0022300260
https://official.nba.com/l2m/L2MReport.html?gameId=0022300054,"Nets 115, Raptors 103",115,103,Nets,Raptors,0022300054
https://official.nba.com/l2m/L2MReport.html?gameId=0022300056,"Bucks 131, Heat 124",131,124,Bucks,Heat,0022300056
https://official.nba.com/l2m/L2MReport.html?gameId=0022300058,"Timberwolves 106, Thunder 103",106,103,Timberwolves,Thunder,0022300058
https://official.nba.com/l2m/L2MReport.html?gameId=0022300059,"Mavericks 121, Rockets 115",121,115,Mavericks,Rockets,0022300059
https://official.nba.com/l2m/L2MReport.html?gameId=0022300060,"Kings 124, Warriors 123",124,123,Kings,Warriors,0022300060
https://official.nba.com/l2m/L2MReport.html?gameId=0022300254,"Trailblazers 114, Pacers 110",114,110,Trailblazers,Pacers,0022300254
https://official.nba.com/l2m/L2MReport.html?gameId=0022300256,"Jazz 114, Pelicans 112",114,112,Jazz,Pelicans,0022300256
https://official.nba.com/l2m/L2MReport.html?gameId=0022300257,"Nuggets 113, Clippers 104",113,104,Nuggets,Clippers,0022300257
https://official.nba.com/l2m/L2MReport.html?gameId=0022300245,"Bucks 108, Trailblazers 102",108,102,Bucks,Trailblazers,0022300245
https://official.nba.com/l2m/L2MReport.html?gameId=0022300247,"Suns 116, Knicks 113",116,113,Suns,Knicks,0022300247
https://official.nba.com/l2m/L2MReport.html?gameId=0022300251,"Cavaliers 105, Raptors 102",105,102,Cavaliers,Raptors,0022300251
https://official.nba.com/l2m/L2MReport.html?gameId=0022300239,"76ers 127, Thunder 123",127,123,76ers,Thunder,0022300239
https://official.nba.com/l2m/L2MReport.html?gameId=0022300242,"Lakers 121, Cavaliers 115",121,115,Lakers,Cavaliers,0022300242
https://official.nba.com/l2m/L2MReport.html?gameId=0022300243,"Jazz 105, Pelicans 100",105,100,Jazz,Pelicans,0022300243
https://official.nba.com/l2m/L2MReport.html?gameId=0022300045,"Knicks 100, Heat 98",100,98,Knicks,Heat,0022300045
https://official.nba.com/l2m/L2MReport.html?gameId=0022300049,"Bucks 131, Wizards 128",131,128,Bucks,Wizards,0022300049
https://official.nba.com/l2m/L2MReport.html?gameId=0022300051,"Warriors 118, Spurs 112",118,112,Warriors,Spurs,0022300051
https://official.nba.com/l2m/L2MReport.html?gameId=0022300225,"Hornets 117, Wizards 114",117,114,Hornets,Wizards,0022300225
https://official.nba.com/l2m/L2MReport.html?gameId=0022300226,"Magic 124, Nuggets 119",124,119,Magic,Nuggets,0022300226
https://official.nba.com/l2m/L2MReport.html?gameId=0022300227,"Hawks 147, Nets 145",147,145,Hawks,Nets,0022300227
https://official.nba.com/l2m/L2MReport.html?gameId=0022300228,"Celtics 119, Bucks 116",119,116,Celtics,Bucks,0022300228
https://official.nba.com/l2m/L2MReport.html?gameId=0022300230,"Raptors 132, Pacers 131",132,131,Raptors,Pacers,0022300230
https://official.nba.com/l2m/L2MReport.html?gameId=0022300233,"Pelicans 117, Kings 112",117,112,Pelicans,Kings,0022300233
https://official.nba.com/l2m/L2MReport.html?gameId=0022300236,"Suns 123, Warriors 115",123,115,Suns,Warriors,0022300236
https://official.nba.com/l2m/L2MReport.html?gameId=0022300238,"Mavericks 104, Lakers 101",104,101,Mavericks,Lakers,0022300238
https://official.nba.com/l2m/L2MReport.html?gameId=0022300039,"Pacers 157, Hawks 152",157,152,Pacers,Hawks,0022300039
https://official.nba.com/l2m/L2MReport.html?gameId=0022300040,"Cavaliers 122, 76ers 119 (OT)",122,119,Cavaliers,76ers,0022300040
https://official.nba.com/l2m/L2MReport.html?gameId=0022300217,"Hornets 121, Celtics 118",121,118,Hornets,Celtics,0022300217
https://official.nba.com/l2m/L2MReport.html?gameId=0022300218,"Nuggets 107, Pistons 103",107,103,Nuggets,Pistons,0022300218
https://official.nba.com/l2m/L2MReport.html?gameId=0022300216,"Lakers 105, Rockets 104",105,104,Lakers,Rockets,0022300216
https://official.nba.com/l2m/L2MReport.html?gameId=0022300213,"Celtics 102, Grizzlies 100",102,100,Celtics,Grizzlies,0022300213
https://official.nba.com/l2m/L2MReport.html?gameId=0022300214,"Suns 140, Jazz 137",140,137,Suns,Jazz,0022300214
https://official.nba.com/l2m/L2MReport.html?gameId=0022300203,"Timberwolves 121, Pelicans 120",121,120,Timberwolves,Pelicans,0022300203
https://official.nba.com/l2m/L2MReport.html?gameId=0022300204,"Bulls 102, Heat 97",102,97,Bulls,Heat,0022300204
https://official.nba.com/l2m/L2MReport.html?gameId=0022300205,"Bucks 132, Mavericks 125",132,125,Bucks,Mavericks,0022300205
https://official.nba.com/l2m/L2MReport.html?gameId=0022300207,"Thunder 130, Warriors 123 (OT)",130,123,Thunder,Warriors,0022300207
https://official.nba.com/l2m/L2MReport.html?gameId=0022300031,"Celtics 108, Raptors 105",108,105,Celtics,Raptors,0022300031
https://official.nba.com/l2m/L2MReport.html?gameId=0022300033,"Magic 103, Bulls 97",103,97,Magic,Bulls,0022300033
https://official.nba.com/l2m/L2MReport.html?gameId=0022300034,"Pelicans 115, Nuggets 110",115,110,Pelicans,Nuggets,0022300034
https://official.nba.com/l2m/L2MReport.html?gameId=0022300035,"Suns 131, Jazz 128",131,128,Suns,Jazz,0022300035
https://official.nba.com/l2m/L2MReport.html?gameId=0022300037,"Clippers 106, Rockets 100",106,100,Clippers,Rockets,0022300037
https://official.nba.com/l2m/L2MReport.html?gameId=0022300196,"Magic 96, Bulls 94",96,94,Magic,Bulls,0022300196
https://official.nba.com/l2m/L2MReport.html?gameId=0022300193,"Knicks 116, Hawks 114",116,114,Knicks,Hawks,0022300193
https://official.nba.com/l2m/L2MReport.html?gameId=0022300018,"Hawks 126, Pistons 120",126,120,Hawks,Pistons,0022300018
https://official.nba.com/l2m/L2MReport.html?gameId=0022300024,"Nuggets 111, Clippers 108",111,108,Nuggets,Clippers,0022300024
https://official.nba.com/l2m/L2MReport.html?gameId=0022300025,"Timberwolves 104, Warriors 101",104,101,Timberwolves,Warriors,0022300025
https://official.nba.com/l2m/L2MReport.html?gameId=0022300189,"Raptors 111, Wizards 107",111,107,Raptors,Wizards,0022300189
https://official.nba.com/l2m/L2MReport.html?gameId=0022300178,"Nets 102, Wizards 94",102,94,Nets,Wizards,0022300178
https://official.nba.com/l2m/L2MReport.html?gameId=0022300179,"Grizzlies 105, Clippers 101",105,101,Grizzlies,Clippers,0022300179
https://official.nba.com/l2m/L2MReport.html?gameId=0022300182,"Rockets 107, Nuggets 104",107,104,Rockets,Nuggets,0022300182
https://official.nba.com/l2m/L2MReport.html?gameId=0022300184,"Heat 118, Spurs 113",118,113,Heat,Spurs,0022300184
https://official.nba.com/l2m/L2MReport.html?gameId=0022300187,"Lakers 116, Trailblazers 110",116,110,Lakers,Trailblazers,0022300187
https://official.nba.com/l2m/L2MReport.html?gameId=0022300009,"Hornets 124, Wizards 117",124,117,Hornets,Wizards,0022300009
https://official.nba.com/l2m/L2MReport.html?gameId=0022300011,"Rockets 104, Pelicans 101",104,101,Rockets,Pelicans,0022300011
https://official.nba.com/l2m/L2MReport.html?gameId=0022300012," Jazz 127, Grizzlies 121",127,121,Jazz,Grizzlies,0022300012
https://official.nba.com/l2m/L2MReport.html?gameId=0022300015,"Lakers 122, Suns 119",122,119,Lakers,Suns,0022300015
https://official.nba.com/l2m/L2MReport.html?gameId=0022300171%0d,"Pacers 126, Bucks 124",126,124,Pacers,Bucks,0022300171
https://official.nba.com/l2m/L2MReport.html?gameId=0022300172%0d,"Hawks 120, Magic 119",120,119,Hawks,Magic,0022300172
https://official.nba.com/l2m/L2MReport.html?gameId=0022300159,"76ers 106, Celtics 103",106,103,76ers,Celtics,0022300159
https://official.nba.com/l2m/L2MReport.html?gameId=0022300162,"Suns 116, Bulls 115",116,115,Suns,Bulls,0022300162
https://official.nba.com/l2m/L2MReport.html?gameId=0022300164,"Heat 108, Grizzlies 102",108,102,Heat,Grizzlies,0022300164
https://official.nba.com/l2m/L2MReport.html?gameId=0022300165,"Bucks 120, Pistons 118",120,118,Bucks,Pistons,0022300165
https://official.nba.com/l2m/L2MReport.html?gameId=0022300169,"Nuggets 108, Warriors 105",108,105,Nuggets,Warriors,0022300169
https://official.nba.com/l2m/L2MReport.html?gameId=0022300170,"Kings 121, Trailblazers 118",121,118,Kings,Trailblazers,0022300170
https://official.nba.com/l2m/L2MReport.html?gameId=0022300149,"Bucks 129, Nets 125",129,125,Bucks,Nets,0022300149
https://official.nba.com/l2m/L2MReport.html?gameId=0022300150,"Heat 108, Lakers 107",108,107,Heat,Lakers,0022300150
https://official.nba.com/l2m/L2MReport.html?gameId=0022300154,"Timberwolves 114, Celtics 109",114,109,Timberwolves,Celtics,0022300154
https://official.nba.com/l2m/L2MReport.html?gameId=0022300141,"Raptors 123, Spurs 116",123,116,Raptors,Spurs,0022300141
https://official.nba.com/l2m/L2MReport.html?gameId=0022300143,"Mavericks 124, Hornets 118",124,118,Mavericks,Hornets,0022300143
https://official.nba.com/l2m/L2MReport.html?gameId=0022300133,"Hornets 125, Pacers 124",125,124,Hornets,Pacers,0022300133
https://official.nba.com/l2m/L2MReport.html?gameId=0022300001,"Pacers 121, Cavaliers 116",121,116,Pacers,Cavaliers,0022300001
https://official.nba.com/l2m/L2MReport.html?gameId=0022300002,"Bucks 110, Knicks 105",110,105,Bucks,Knicks,0022300002
https://official.nba.com/l2m/L2MReport.html?gameId=0022300004,"Nets 109, Bulls 107",109,107,Nets,Bulls,0022300004
https://official.nba.com/l2m/L2MReport.html?gameId=0022300005,"Warriors 141, Thunder 139",141,139,Warriors,Thunder,0022300005
https://official.nba.com/l2m/L2MReport.html?gameId=0022300007,"Trailblazers 115, Grizzlies 113",115,113,Trailblazers,Grizzlies,0022300007
https://official.nba.com/l2m/L2MReport.html?gameId=0022300130,"Magic 115, Jazz 113",115,113,Magic,Jazz,0022300130
https://official.nba.com/l2m/L2MReport.html?gameId=0022300115,"Trailblazers 110, Pistons 101",110,101,Trailblazers,Pistons,0022300115
https://official.nba.com/l2m/L2MReport.html?gameId=0022300119,"Nets 109, Heat 105",109,105,Nets,Heat,0022300119
https://official.nba.com/l2m/L2MReport.html?gameId=0022300121,"Pelicans 110, Thunder 106",110,106,Pelicans,Thunder,0022300121
https://official.nba.com/l2m/L2MReport.html?gameId=0022300124,"Mavericks 114, Bulls 105",114,105,Mavericks,Bulls,0022300124
https://official.nba.com/l2m/L2MReport.html?gameId=0022300126%0d,"Warriors 102, Kings 101",102,101,Warriors,Kings,0022300126
https://official.nba.com/l2m/L2MReport.html?gameId=0022300127%0d,"Lakers 130, Clippers 125",130,125,Lakers,Clippers,0022300127
https://official.nba.com/l2m/L2MReport.html?gameId=0022300113,"Spurs 115, Suns 114",115,114,Spurs,Suns,0022300113
https://official.nba.com/l2m/L2MReport.html?gameId=0022300102,"Bulls 112, Pacers 105",112,105,Bulls,Pacers,0022300102
https://official.nba.com/l2m/L2MReport.html?gameId=0022300111,"Lakers 106, Magic 103",106,103,Lakers,Magic,0022300111
https://official.nba.com/l2m/L2MReport.html?gameId=0022300100,"Kings 132, Lakers 127 (OT)",132,127,Kings,Lakers,0022300100
https://official.nba.com/l2m/L2MReport.html?gameId=0022300078,"Nuggets 108, Grizzlies 104",108,104,Nuggets,Grizzlies,0022300078
https://official.nba.com/l2m/L2MReport.html?gameId=0022300079,"Knicks 126, Hawks 120",126,120,Knicks,Hawks,0022300079
https://official.nba.com/l2m/L2MReport.html?gameId=0022300080,"Celtics 119, Heat 111",119,111,Celtics,Heat,0022300080
https://official.nba.com/l2m/L2MReport.html?gameId=0022300081," Thunder 108, Cavaliers 105",108,105,Thunder,Cavaliers,0022300081
https://official.nba.com/l2m/L2MReport.html?gameId=0022300082,"Bulls 104, Raptors 103 (OT)",104,103,Bulls,Raptors,0022300082
https://official.nba.com/l2m/L2MReport.html?gameId=0022300083,"Spurs 126, Rockets 122",126,122,Spurs,Rockets,0022300083
https://official.nba.com/l2m/L2MReport.html?gameId=0022300084,"Mavericks 125, Nets 120",125,120,Mavericks,Nets,0022300084
https://official.nba.com/l2m/L2MReport.html?gameId=0022300085,"Jazz 120, Clippers 118",120,118,Jazz,Clippers,0022300085
https://official.nba.com/l2m/L2MReport.html?gameId=0022300075,"Bucks 118, 76ers 117",118,117,Bucks,76ers,0022300075
https://official.nba.com/l2m/L2MReport.html?gameId=0022300076,"Lakers 100, Suns 95",100,95,Lakers,Suns,0022300076
https://official.nba.com/l2m/L2MReport.html?gameId=0022300063,"Hornets 116, Hawks 110",116,110,Hornets,Hawks,0022300063
https://official.nba.com/l2m/L2MReport.html?gameId=0022300065,"Celtics 108, Knicks 104",108,104,Celtics,Knicks,0022300065
https://official.nba.com/l2m/L2MReport.html?gameId=0022300067,"Cavaliers 114, Nets 113",114,113,Cavaliers,Nets,0022300067
https://official.nba.com/l2m/L2MReport.html?gameId=0022300068%0d,"Heat 103, Pistons 102",103,102,Heat,Pistons,0022300068
https://official.nba.com/l2m/L2MReport.html?gameId=0022300069%0d,"Raptors 97, Timberwolves 94",97,94,Raptors,Timberwolves,0022300069
https://official.nba.com/l2m/L2MReport.html?gameId=0022300073,"Mavericks 126, Spurs 119",126,119,Mavericks,Spurs,0022300073
https://official.nba.com/l2m/L2MReport.html?gameId=0022300062,"Suns 108, Warriors 104",108,104,Suns,Warriors,0022300062
